<?xml version="1.0" encoding="UTF-8"?>
<beans xmlns="http://www.springframework.org/schema/beans"
	xmlns:xsi="http://www.w3.org/2001/XMLSchema-instance"
	xmlns:p="http://www.springframework.org/schema/p"
        xmlns:mvc="http://www.springframework.org/schema/mvc"
	xmlns:context="http://www.springframework.org/schema/context"
	xsi:schemaLocation="http://www.springframework.org/schema/beans
		http://www.springframework.org/schema/beans/spring-beans-3.0.xsd
		http://www.springframework.org/schema/context
		http://www.springframework.org/schema/context/spring-context-3.0.xsd
                http://www.springframework.org/schema/mvc http://www.springframework.org/schema/mvc/spring-mvc-3.0.xsd">
    
    <context:component-scan base-package="com.aiddata" />
    
    <mvc:resources mapping="/resources/**" location="/resources/" />
    <mvc:annotation-driven />
    
    <bean id="jspViewResolver"
            class="org.springframework.web.servlet.view.InternalResourceViewResolver">
            <property name="viewClass"
                    value="org.springframework.web.servlet.view.JstlView" />
            <property name="prefix" value="/WEB-INF/jsp/" />
            <property name="suffix" value=".jsp" />
    </bean>
    
    <bean id="multipartResolver" class="org.springframework.web.multipart.commons.CommonsMultipartResolver">
        <!-- one of the properties available; the maximum file size in bytes -->
        <property name="maxUploadSize" value="157286400" />
        <property name="maxInMemorySize" value="5242880"/>
        <property name="defaultEncoding" value="utf-8"/>
    </bean>
    
</beans>
